,Model,TWOUT,TA,Cooling Capacity,Power Input (kW),Fluid Flow rate (l/s),Fluid Pressure Drop (kPa),Evaporator,Price
1,DAIKIN AIR COOLED  SCREW C20,5,25,1952,581,93,41,5,
2,DAIKIN AIR COOLED  SCREW C20,5,30,1900,635,90.5,39,5,
3,DAIKIN AIR COOLED  SCREW C20,5,35,1832,696,87.3,37,5,
4,DAIKIN AIR COOLED  SCREW C20,5,40,1743,764,83,34,5,
5,DAIKIN AIR COOLED  SCREW C20,5,43,1675,809,79.8,31,5,
6,DAIKIN AIR COOLED  SCREW C20,5,46,1503,791,71.6,26,5,
7,DAIKIN AIR COOLED  SCREW C20,7,25,2049,597,97.8,45,5,
8,DAIKIN AIR COOLED  SCREW C20,7,30,1993,654,95.1,43,5,
9,DAIKIN AIR COOLED  SCREW C20,7,35,1922,716,91.7,40,5,
10,DAIKIN AIR COOLED  SCREW C20,7,40,1827,785,87.2,37,5,
11,DAIKIN AIR COOLED  SCREW C20,7,43,1757,831,83.8,34,5,
12,DAIKIN AIR COOLED  SCREW C20,7,46,1532,774,73.1,27,5,
13,DAIKIN AIR COOLED  SCREW C20,9,25,2148,615,102.6,49,5,
14,DAIKIN AIR COOLED  SCREW C20,9,30,2089,673,99.8,47,5,
15,DAIKIN AIR COOLED  SCREW C20,9,35,2013,736,96.1,44,5,
16,DAIKIN AIR COOLED  SCREW C20,9,40,1913,807,91.4,40,5,
17,DAIKIN AIR COOLED  SCREW C20,9,43,1820,844,86.9,37,5,
18,DAIKIN AIR COOLED  SCREW C20,9,46,1543,744,73.7,27,5,
19,DAIKIN AIR COOLED  SCREW C20,11,25,2249,633,107.5,54,5,
20,DAIKIN AIR COOLED  SCREW C20,11,30,2185,692,104.5,51,5,
21,DAIKIN AIR COOLED  SCREW C20,11,35,2105,757,100.6,48,5,
22,DAIKIN AIR COOLED  SCREW C20,11,40,2000,830,95.6,43,5,
23,DAIKIN AIR COOLED  SCREW C20,11,43,1841,823,88,37,5,
24,DAIKIN AIR COOLED  SCREW C20,11,46,1572,728,75.2,28,5,
25,DAIKIN AIR COOLED  SCREW C20,13,25,2351,651,112.5,58,5,
26,DAIKIN AIR COOLED  SCREW C20,13,30,2284,712,109.2,55,5,
27,DAIKIN AIR COOLED  SCREW C20,13,35,2198,779,105.1,52,5,
28,DAIKIN AIR COOLED  SCREW C20,13,40,2087,854,99.58,47,5,
29,DAIKIN AIR COOLED  SCREW C20,13,43,1855,798,88.7,38,5,
30,DAIKIN AIR COOLED  SCREW C20,13,46,1564,742,74.8,28,5,
31,DAIKIN AIR COOLED  SCREW C20,15,25,2455,670,117.5,63,5,
32,DAIKIN AIR COOLED  SCREW C20,15,30,2383,733,114.1,60,5,
33,DAIKIN AIR COOLED  SCREW C20,15,35,2292,802,109.7,56,5,
34,DAIKIN AIR COOLED  SCREW C20,15,40,2153,866,103.1,50,5,
35,DAIKIN AIR COOLED  SCREW C20,15,43,1875,776,89.8,39,5,
36,DAIKIN AIR COOLED  SCREW C20,15,46,1583,718,75.8,29,5,
37,Vertiv 1MW,10,53,1015,549.95,26.7,,9.11," $545,436.00 "
38,Vertiv 1MW,10,52,1015,527.98,26.7,,9.11," $545,436.00 "
39,Vertiv 1MW,10,51,1015,506.32,26.7,,9.11," $545,436.00 "
40,Vertiv 1MW,10,50,1015,490.17,26.7,,9.11," $545,436.00 "
41,Vertiv 1MW,10,49,1015,473.6,26.7,,9.11," $545,436.00 "
42,Vertiv 1MW,10,48,1015,458.28,26.7,,9.11," $545,436.00 "
43,Vertiv 1MW,10,47,1015,443.99,26.7,,9.11," $545,436.00 "
44,Vertiv 1MW,10,46,1015,420.23,26.7,,9.11," $545,436.00 "
45,Vertiv 1MW,10,45,1015,407.06,26.7,,9.11," $545,436.00 "
46,Vertiv 1MW,10,44,1015,394.79,26.7,,9.11," $545,436.00 "
47,Vertiv 1MW,10,43,1015,383.27,26.7,,9.11," $545,436.00 "
48,Vertiv 1MW,10,42,1015,365.42,26.7,,9.11," $545,436.00 "
49,Vertiv 1MW,10,41,1015,354.79,26.7,,9.11," $545,436.00 "
50,Vertiv 1MW,10,40,1015,344.87,26.7,,9.11," $545,436.00 "
51,Vertiv 1MW,10,39,1015,335.52,26.7,,9.11," $545,436.00 "
52,Vertiv 1MW,10,38,1015,326.75,26.7,,9.11," $545,436.00 "
53,Vertiv 1MW,10,37,1015,318.47,26.7,,9.11," $545,436.00 "
54,Vertiv 1MW,10,36,1015,316.22,26.7,,9.11," $545,436.00 "
55,Vertiv 1MW,10,35,1015,306.95,26.7,,9.11," $545,436.00 "
56,Vertiv 1MW,10,34,1015,298.23,26.7,,9.11," $545,436.00 "
57,Vertiv 1MW,10,33,1015,290.04,26.7,,9.11," $545,436.00 "
58,Vertiv 1MW,10,32,1015,282.3,26.7,,9.11," $545,436.00 "
59,Vertiv 1MW,10,31,1015,270.66,26.7,,9.11," $545,436.00 "
60,Vertiv 1MW,10,30,1015,258.86,26.7,,9.11," $545,436.00 "
61,Vertiv 1MW,10,29,1015,250.8,26.7,,9.11," $545,436.00 "
62,Vertiv 1MW,10,28,1015,244.86,26.7,,9.11," $545,436.00 "
63,Vertiv 1MW,10,27,1015,238.21,26.7,,9.11," $545,436.00 "
64,Vertiv 1MW,10,26,1015,231.86,26.7,,9.11," $545,436.00 "
65,Vertiv 1MW,10,25,1015,225.62,26.7,,9.11," $545,436.00 "
66,Vertiv 1MW,10,24,1015,220.3,26.7,,9.11," $545,436.00 "
67,Vertiv 1MW,10,23,1015,215.23,26.7,,9.11," $545,436.00 "
68,Vertiv 1MW,10,22,1015,210.45,26.7,,9.11," $545,436.00 "
69,Vertiv 1MW,10,21,1015,205.93,26.7,,9.11," $545,436.00 "
70,Vertiv 1MW,10,20,1015,214.1,26.7,,9.11," $545,436.00 "
71,Vertiv 1MW,10,19,1015,209.28,26.7,,9.11," $545,436.00 "
72,Vertiv 1MW,10,18,1015,204.74,26.7,,9.11," $545,436.00 "
73,Vertiv 1MW,10,17,1015,212.29,26.7,,9.11," $545,436.00 "
74,Vertiv 1MW,10,16,1015,194.45,26.7,,9.11," $545,436.00 "
75,Vertiv 1MW,10,15,1015,180,26.7,,9.11," $545,436.00 "
76,Vertiv 1MW,10,14,1015,161.42,26.7,,9.11," $545,436.00 "
77,Vertiv 1MW,10,13,1015,150.96,26.7,,9.11," $545,436.00 "
78,Vertiv 1MW,10,12,1015,130.61,26.7,,9.11," $545,436.00 "
79,Vertiv 1MW,10,11,1015,123.1,26.7,,9.11," $545,436.00 "
80,Vertiv 1MW,10,10,1015,130.94,26.7,,9.11," $545,436.00 "
81,Vertiv 1MW,10,9,1015,112.71,26.7,,9.11," $545,436.00 "
82,Vertiv 1MW,10,8,1015,100.13,26.7,,9.11," $545,436.00 "
83,Vertiv 1MW,10,7,1015,91.84,26.7,,9.11," $545,436.00 "
84,Vertiv 1MW,10,6,1015,85.96,26.7,,9.11," $545,436.00 "
85,Vertiv 1MW,10,5,1015,81.52,26.7,,9.11," $545,436.00 "
86,Vertiv 1MW,10,4,1015,78.03,26.7,,9.11," $545,436.00 "
87,Vertiv 1MW,10,3,1015,62.11,26.7,,9.11," $545,436.00 "
88,Vertiv 1MW,10,2,1015,44.96,26.7,,9.11," $545,436.00 "
89,Vertiv 1MW,10,1,1015,35.63,26.7,,9.11," $545,436.00 "
90,Vertiv 1MW,10,0,1015,30.08,26.7,,9.11," $545,436.00 "
91,Vertiv 1MW,10,-1,1015,26.48,26.7,,9.11," $545,436.00 "
92,Vertiv 1MW,10,-2,1015,24.08,26.7,,9.11," $545,436.00 "
93,Vertiv 1MW,10,-3,1015,22.45,26.7,,9.11," $545,436.00 "
94,Vertiv 1MW,10,-4,1015,21.28,26.7,,9.11," $545,436.00 "
95,Vertiv 1MW,10,-5,1015,20.43,26.7,,9.11," $545,436.00 "
96,Vertiv 1MW,10,-6,1015,19.79,26.7,,9.11," $545,436.00 "
97,Vertiv 1MW,10,-7,1015,19.28,26.7,,9.11," $545,436.00 "
98,Vertiv 1MW,10,-8,1015,18.89,26.7,,9.11," $545,436.00 "
99,Vertiv 1MW,10,-9,1015,18.58,26.7,,9.11," $545,436.00 "
100,Vertiv 1MW,10,-10,1015,18.4,26.7,,9.11," $545,436.00 "
101,Vertiv 1MW,10,-11,1015,18.34,26.7,,9.11," $545,436.00 "
102,Vertiv 1MW,10,-12,1015,18.29,26.7,,9.11," $545,436.00 "
103,Vertiv 1MW,10,-13,1015,18.24,26.7,,9.11," $545,436.00 "
104,Vertiv 1MW,10,-14,1015,18.19,26.7,,9.11," $545,436.00 "
105,Vertiv 1MW,10,-15,1015,18.15,26.7,,9.11," $545,436.00 "
106,Vertiv 1MW,10,-16,1015,18.11,26.7,,9.11," $545,436.00 "
107,Vertiv 1MW,10,-17,1015,18.07,26.7,,9.11," $545,436.00 "
108,Vertiv 1MW,10,-18,1015,18.04,26.7,,9.11," $545,436.00 "
109,Vertiv 1MW,10,-19,1015,18,26.7,,9.11," $545,436.00 "
110,Vertiv 1MW,10,-20,1015,17.97,26.7,,9.11," $545,436.00 "
111,Vertiv 1MW,10,-21,1015,17.94,26.7,,9.11," $545,436.00 "
112,Vertiv 1MW,10,-22,1015,17.93,26.7,,9.11," $545,436.00 "
113,Vertiv 1MW,10,-23,1015,17.9,26.7,,9.11," $545,436.00 "
114,Vertiv 1MW,10,-24,1015,17.87,26.7,,9.11," $545,436.00 "
115,Vertiv 1MW,10,-25,1015,17.85,26.7,,9.11," $545,436.00 "
116,Vertiv 1MW,10,-26,1015,17.82,26.7,,9.11," $545,436.00 "
117,Vertiv 1MW,10,-27,1015,17.8,26.7,,9.11," $545,436.00 "
118,Vertiv 1MW,10,-28,1015,17.78,26.7,,9.11," $545,436.00 "
119,Vertiv 1MW,10,-29,1015,17.76,26.7,,9.11," $545,436.00 "
120,Vertiv 1MW,10,-30,1015,17.74,26.7,,9.11," $545,436.00 "
121,Vertiv 1MW,10,-31,1015,17.72,26.7,,9.11," $545,436.00 "
122,Vertiv 1MW,10,-32,1015,17.7,26.7,,9.11," $545,436.00 "
123,Vertiv 1MW,10,-33,1015,17.68,26.7,,9.11," $545,436.00 "
124,Vertiv 1MW,10,-34,1015,17.67,26.7,,9.11," $545,436.00 "
125,Vertiv 1MW,10,-35,1015,17.65,26.7,,9.11," $545,436.00 "
126,Vertiv 1MW,10,-36,1015,17.63,26.7,,9.11," $545,436.00 "
127,Vertiv 1MW,10,-37,1015,17.62,26.7,,9.11," $545,436.00 "
128,Vertiv 1MW,10,-38,1015,17.6,26.7,,9.11," $545,436.00 "
129,Vertiv 1MW,10,-39,1015,17.59,26.7,,9.11," $545,436.00 "
130,Vertiv 1MW,10,-40,1015,17.58,26.7,,9.11," $545,436.00 "
131,Vertiv 1MW,15,53,1114,458.11,26.7,,10," $457,941.70 "
132,Vertiv 1MW,15,52,1114,439.52,26.7,,10," $457,941.70 "
133,Vertiv 1MW,15,51,1114,422.59,26.7,,10," $457,941.70 "
134,Vertiv 1MW,15,50,1114,407.03,26.7,,10," $457,941.70 "
135,Vertiv 1MW,15,49,1114,392.62,26.7,,10," $457,941.70 "
136,Vertiv 1MW,15,48,1114,379.25,26.7,,10," $457,941.70 "
137,Vertiv 1MW,15,47,1114,366.75,26.7,,10," $457,941.70 "
138,Vertiv 1MW,15,46,1114,355.07,26.7,,10," $457,941.70 "
139,Vertiv 1MW,15,45,1114,344.07,26.7,,10," $457,941.70 "
140,Vertiv 1MW,15,44,1114,333.72,26.7,,10," $457,941.70 "
141,Vertiv 1MW,15,43,1114,323.93,26.7,,10," $457,941.70 "
142,Vertiv 1MW,15,42,1114,314.69,26.7,,10," $457,941.70 "
143,Vertiv 1MW,15,41,1114,305.9,26.7,,10," $457,941.70 "
144,Vertiv 1MW,15,40,1114,296.41,26.7,,10," $457,941.70 "
145,Vertiv 1MW,15,39,1114,287.34,26.7,,10," $457,941.70 "
146,Vertiv 1MW,15,38,1114,278.79,26.7,,10," $457,941.70 "
147,Vertiv 1MW,15,37,1114,270.66,26.7,,10," $457,941.70 "
148,Vertiv 1MW,15,36,1114,262.99,26.7,,10," $457,941.70 "
149,Vertiv 1MW,15,35,1114,255.68,26.7,,10," $457,941.70 "
150,Vertiv 1MW,15,34,1114,248.72,26.7,,10," $457,941.70 "
151,Vertiv 1MW,15,33,1114,242.12,26.7,,10," $457,941.70 "
152,Vertiv 1MW,15,32,1114,235.81,26.7,,10," $457,941.70 "
153,Vertiv 1MW,15,31,1114,228.88,26.7,,10," $457,941.70 "
154,Vertiv 1MW,15,30,1114,218.13,26.7,,10," $457,941.70 "
155,Vertiv 1MW,15,29,1114,211.14,26.7,,10," $457,941.70 "
156,Vertiv 1MW,15,28,1114,204.86,26.7,,10," $457,941.70 "
157,Vertiv 1MW,15,27,1114,197.97,26.7,,10," $457,941.70 "
158,Vertiv 1MW,15,26,1114,188.4,26.7,,10," $457,941.70 "
159,Vertiv 1MW,15,25,1114,181.87,26.7,,10," $457,941.70 "
160,Vertiv 1MW,15,24,1114,175.67,26.7,,10," $457,941.70 "
161,Vertiv 1MW,15,23,1114,164.65,26.7,,10," $457,941.70 "
162,Vertiv 1MW,15,22,1114,151.12,26.7,,10," $457,941.70 "
163,Vertiv 1MW,15,21,1114,184.07,26.7,,10," $457,941.70 "
164,Vertiv 1MW,15,20,1114,162.98,26.7,,10," $457,941.70 "
165,Vertiv 1MW,15,19,1114,145.43,26.7,,10," $457,941.70 "
166,Vertiv 1MW,15,18,1114,130.13,26.7,,10," $457,941.70 "
167,Vertiv 1MW,15,17,1114,117.14,26.7,,10," $457,941.70 "
168,Vertiv 1MW,15,16,1114,103.37,26.7,,10," $457,941.70 "
169,Vertiv 1MW,15,15,1114,91.74,26.7,,10," $457,941.70 "
170,Vertiv 1MW,15,14,1114,84.18,26.7,,10," $457,941.70 "
171,Vertiv 1MW,15,13,1114,78.99,26.7,,10," $457,941.70 "
172,Vertiv 1MW,15,12,1114,75.26,26.7,,10," $457,941.70 "
173,Vertiv 1MW,15,11,1114,72.45,26.7,,10," $457,941.70 "
174,Vertiv 1MW,15,10,1114,70.25,26.7,,10," $457,941.70 "
175,Vertiv 1MW,15,9,1114,65.87,26.7,,10," $457,941.70 "
176,Vertiv 1MW,15,8,1114,47.29,26.7,,10," $457,941.70 "
177,Vertiv 1MW,15,7,1114,37.25,26.7,,10," $457,941.70 "
178,Vertiv 1MW,15,6,1114,31.21,26.7,,10," $457,941.70 "
179,Vertiv 1MW,15,5,1114,27.31,26.7,,10," $457,941.70 "
180,Vertiv 1MW,15,4,1114,24.69,26.7,,10," $457,941.70 "
181,Vertiv 1MW,15,3,1114,22.85,26.7,,10," $457,941.70 "
182,Vertiv 1MW,15,2,1114,21.55,26.7,,10," $457,941.70 "
183,Vertiv 1MW,15,1,1114,20.57,26.7,,10," $457,941.70 "
184,Vertiv 1MW,15,0,1114,19.85,26.7,,10," $457,941.70 "
185,Vertiv 1MW,15,-1,1114,19.29,26.7,,10," $457,941.70 "
186,Vertiv 1MW,15,-2,1114,18.85,26.7,,10," $457,941.70 "
187,Vertiv 1MW,15,-3,1114,18.49,26.7,,10," $457,941.70 "
188,Vertiv 1MW,15,-4,1114,18.19,26.7,,10," $457,941.70 "
189,Vertiv 1MW,15,-5,1114,17.95,26.7,,10," $457,941.70 "
190,Vertiv 1MW,15,-6,1114,17.85,26.7,,10," $457,941.70 "
191,Vertiv 1MW,15,-7,1114,17.81,26.7,,10," $457,941.70 "
192,Vertiv 1MW,15,-8,1114,17.76,26.7,,10," $457,941.70 "
193,Vertiv 1MW,15,-9,1114,17.72,26.7,,10," $457,941.70 "
194,Vertiv 1MW,15,-10,1114,17.68,26.7,,10," $457,941.70 "
195,Vertiv 1MW,15,-11,1114,17.64,26.7,,10," $457,941.70 "
196,Vertiv 1MW,15,-12,1114,17.61,26.7,,10," $457,941.70 "
197,Vertiv 1MW,15,-13,1114,17.57,26.7,,10," $457,941.70 "
198,Vertiv 1MW,15,-14,1114,17.54,26.7,,10," $457,941.70 "
199,Vertiv 1MW,15,-15,1114,17.51,26.7,,10," $457,941.70 "
200,Vertiv 1MW,15,-16,1114,17.48,26.7,,10," $457,941.70 "
201,Vertiv 1MW,15,-17,1114,17.45,26.7,,10," $457,941.70 "
202,Vertiv 1MW,15,-18,1114,17.43,26.7,,10," $457,941.70 "
203,Vertiv 1MW,15,-19,1114,17.4,26.7,,10," $457,941.70 "
204,Vertiv 1MW,15,-20,1114,17.38,26.7,,10," $457,941.70 "
205,Vertiv 1MW,15,-21,1114,17.36,26.7,,10," $457,941.70 "
206,Vertiv 1MW,15,-22,1114,17.35,26.7,,10," $457,941.70 "
207,Vertiv 1MW,15,-23,1114,17.33,26.7,,10," $457,941.70 "
208,Vertiv 1MW,15,-24,1114,17.31,26.7,,10," $457,941.70 "
209,Vertiv 1MW,15,-25,1114,17.29,26.7,,10," $457,941.70 "
210,Vertiv 1MW,15,-26,1114,17.27,26.7,,10," $457,941.70 "
211,Vertiv 1MW,15,-27,1114,17.25,26.7,,10," $457,941.70 "
212,Vertiv 1MW,15,-28,1114,17.23,26.7,,10," $457,941.70 "
213,Vertiv 1MW,15,-29,1114,17.22,26.7,,10," $457,941.70 "
214,Vertiv 1MW,15,-30,1114,17.2,26.7,,10," $457,941.70 "
215,Vertiv 1MW,15,-31,1114,17.19,26.7,,10," $457,941.70 "
216,Vertiv 1MW,15,-32,1114,17.17,26.7,,10," $457,941.70 "
217,Vertiv 1MW,15,-33,1114,17.16,26.7,,10," $457,941.70 "
218,Vertiv 1MW,15,-34,1114,17.14,26.7,,10," $457,941.70 "
219,Vertiv 1MW,15,-35,1114,17.13,26.7,,10," $457,941.70 "
220,Vertiv 1MW,15,-36,1114,17.12,26.7,,10," $457,941.70 "
221,Vertiv 1MW,15,-37,1114,17.1,26.7,,10," $457,941.70 "
222,Vertiv 1MW,15,-38,1114,17.09,26.7,,10," $457,941.70 "
223,Vertiv 1MW,15,-39,1114,17.08,26.7,,10," $457,941.70 "
224,Vertiv 1MW,15,-40,1114,17.07,26.7,,10," $457,941.70 "
225,Vertiv 1MW,20,53,1114,391.64,26.7,,10," $428,930.26 "
226,Vertiv 1MW,20,52,1114,377.89,26.7,,10," $428,930.26 "
227,Vertiv 1MW,20,51,1114,365.15,26.7,,10," $428,930.26 "
228,Vertiv 1MW,20,50,1114,353.27,26.7,,10," $428,930.26 "
229,Vertiv 1MW,20,49,1114,342.7,26.7,,10," $428,930.26 "
230,Vertiv 1MW,20,48,1114,331.57,26.7,,10," $428,930.26 "
231,Vertiv 1MW,20,47,1114,323.42,26.7,,10," $428,930.26 "
232,Vertiv 1MW,20,46,1114,312.32,26.7,,10," $428,930.26 "
233,Vertiv 1MW,20,45,1114,301.88,26.7,,10," $428,930.26 "
234,Vertiv 1MW,20,44,1114,292.09,26.7,,10," $428,930.26 "
235,Vertiv 1MW,20,43,1114,282.86,26.7,,10," $428,930.26 "
236,Vertiv 1MW,20,42,1114,274.18,26.7,,10," $428,930.26 "
237,Vertiv 1MW,20,41,1114,265.93,26.7,,10," $428,930.26 "
238,Vertiv 1MW,20,40,1114,258.13,26.7,,10," $428,930.26 "
239,Vertiv 1MW,20,39,1114,252.14,26.7,,10," $428,930.26 "
240,Vertiv 1MW,20,38,1114,243.66,26.7,,10," $428,930.26 "
241,Vertiv 1MW,20,37,1114,235.13,26.7,,10," $428,930.26 "
242,Vertiv 1MW,20,36,1114,227.34,26.7,,10," $428,930.26 "
243,Vertiv 1MW,20,35,1114,219.94,26.7,,10," $428,930.26 "
244,Vertiv 1MW,20,34,1114,212.91,26.7,,10," $428,930.26 "
245,Vertiv 1MW,20,33,1114,206.25,26.7,,10," $428,930.26 "
246,Vertiv 1MW,20,32,1114,199.9,26.7,,10," $428,930.26 "
247,Vertiv 1MW,20,31,1114,193.85,26.7,,10," $428,930.26 "
248,Vertiv 1MW,20,30,1114,188.11,26.7,,10," $428,930.26 "
249,Vertiv 1MW,20,29,1114,180.94,26.7,,10," $428,930.26 "
250,Vertiv 1MW,20,28,1114,155.35,26.7,,10," $428,930.26 "
251,Vertiv 1MW,20,27,1114,143.04,26.7,,10," $428,930.26 "
252,Vertiv 1MW,20,26,1114,135.97,26.7,,10," $428,930.26 "
253,Vertiv 1MW,20,25,1114,162.41,26.7,,10," $428,930.26 "
254,Vertiv 1MW,20,24,1114,143.93,26.7,,10," $428,930.26 "
255,Vertiv 1MW,20,23,1114,127.76,26.7,,10," $428,930.26 "
256,Vertiv 1MW,20,22,1114,114.22,26.7,,10," $428,930.26 "
257,Vertiv 1MW,20,21,1114,102.82,26.7,,10," $428,930.26 "
258,Vertiv 1MW,20,20,1114,90.61,26.7,,10," $428,930.26 "
259,Vertiv 1MW,20,19,1114,81.51,26.7,,10," $428,930.26 "
260,Vertiv 1MW,20,18,1114,74.97,26.7,,10," $428,930.26 "
261,Vertiv 1MW,20,17,1114,70.13,26.7,,10," $428,930.26 "
262,Vertiv 1MW,20,16,1114,66.37,26.7,,10," $428,930.26 "
263,Vertiv 1MW,20,15,1114,63.16,26.7,,10," $428,930.26 "
264,Vertiv 1MW,20,14,1114,57.88,26.7,,10," $428,930.26 "
265,Vertiv 1MW,20,13,1114,51.27,26.7,,10," $428,930.26 "
266,Vertiv 1MW,20,12,1114,39.28,26.7,,10," $428,930.26 "
267,Vertiv 1MW,20,11,1114,32.08,26.7,,10," $428,930.26 "
268,Vertiv 1MW,20,10,1114,27.44,26.7,,10," $428,930.26 "
269,Vertiv 1MW,20,9,1114,24.27,26.7,,10," $428,930.26 "
270,Vertiv 1MW,20,8,1114,22.04,26.7,,10," $428,930.26 "
271,Vertiv 1MW,20,7,1114,20.42,26.7,,10," $428,930.26 "
272,Vertiv 1MW,20,6,1114,19.23,26.7,,10," $428,930.26 "
273,Vertiv 1MW,20,5,1114,18.33,26.7,,10," $428,930.26 "
274,Vertiv 1MW,20,4,1114,17.63,26.7,,10," $428,930.26 "
275,Vertiv 1MW,20,3,1114,17.09,26.7,,10," $428,930.26 "
276,Vertiv 1MW,20,2,1114,16.66,26.7,,10," $428,930.26 "
277,Vertiv 1MW,20,1,1114,16.3,26.7,,10," $428,930.26 "
278,Vertiv 1MW,20,0,1114,16.01,26.7,,10," $428,930.26 "
279,Vertiv 1MW,20,-1,1114,15.78,26.7,,10," $428,930.26 "
280,Vertiv 1MW,20,-2,1114,15.56,26.7,,10," $428,930.26 "
281,Vertiv 1MW,20,-3,1114,15.41,26.7,,10," $428,930.26 "
282,Vertiv 1MW,20,-4,1114,15.37,26.7,,10," $428,930.26 "
283,Vertiv 1MW,20,-5,1114,15.33,26.7,,10," $428,930.26 "
284,Vertiv 1MW,20,-6,1114,15.29,26.7,,10," $428,930.26 "
285,Vertiv 1MW,20,-7,1114,15.26,26.7,,10," $428,930.26 "
286,Vertiv 1MW,20,-8,1114,15.22,26.7,,10," $428,930.26 "
287,Vertiv 1MW,20,-9,1114,15.19,26.7,,10," $428,930.26 "
288,Vertiv 1MW,20,-10,1114,15.16,26.7,,10," $428,930.26 "
289,Vertiv 1MW,20,-11,1114,15.13,26.7,,10," $428,930.26 "
290,Vertiv 1MW,20,-12,1114,15.11,26.7,,10," $428,930.26 "
291,Vertiv 1MW,20,-13,1114,15.08,26.7,,10," $428,930.26 "
292,Vertiv 1MW,20,-14,1114,15.06,26.7,,10," $428,930.26 "
293,Vertiv 1MW,20,-15,1114,15.03,26.7,,10," $428,930.26 "
294,Vertiv 1MW,20,-16,1114,15.01,26.7,,10," $428,930.26 "
295,Vertiv 1MW,20,-17,1114,14.99,26.7,,10," $428,930.26 "
296,Vertiv 1MW,20,-18,1114,14.97,26.7,,10," $428,930.26 "
297,Vertiv 1MW,20,-19,1114,14.95,26.7,,10," $428,930.26 "
298,Vertiv 1MW,20,-20,1114,14.93,26.7,,10," $428,930.26 "
299,Vertiv 1MW,20,-21,1114,14.91,26.7,,10," $428,930.26 "
300,Vertiv 1MW,20,-22,1114,14.9,26.7,,10," $428,930.26 "
301,Vertiv 1MW,20,-23,1114,14.89,26.7,,10," $428,930.26 "
302,Vertiv 1MW,20,-24,1114,14.87,26.7,,10," $428,930.26 "
303,Vertiv 1MW,20,-25,1114,14.86,26.7,,10," $428,930.26 "
304,Vertiv 1MW,20,-26,1114,14.84,26.7,,10," $428,930.26 "
305,Vertiv 1MW,20,-27,1114,14.83,26.7,,10," $428,930.26 "
306,Vertiv 1MW,20,-28,1114,14.81,26.7,,10," $428,930.26 "
307,Vertiv 1MW,20,-29,1114,14.8,26.7,,10," $428,930.26 "
308,Vertiv 1MW,20,-30,1114,14.78,26.7,,10," $428,930.26 "
309,Vertiv 1MW,20,-31,1114,14.77,26.7,,10," $428,930.26 "
310,Vertiv 1MW,20,-32,1114,14.76,26.7,,10," $428,930.26 "
311,Vertiv 1MW,20,-33,1114,14.75,26.7,,10," $428,930.26 "
312,Vertiv 1MW,20,-34,1114,14.74,26.7,,10," $428,930.26 "
313,Vertiv 1MW,20,-35,1114,14.72,26.7,,10," $428,930.26 "
314,Vertiv 1MW,20,-36,1114,14.71,26.7,,10," $428,930.26 "
315,Vertiv 1MW,20,-37,1114,14.7,26.7,,10," $428,930.26 "
316,Vertiv 1MW,20,-38,1114,14.69,26.7,,10," $428,930.26 "
317,Vertiv 1MW,20,-39,1114,14.68,26.7,,10," $428,930.26 "
318,Vertiv 1MW,20,-40,1114,14.67,26.7,,10," $428,930.26 "
319,Vertiv 1MW,25,53,1114,360.91,26.7,,10," $356,354.79 "
320,Vertiv 1MW,25,52,1114,348.53,26.7,,10," $356,354.79 "
321,Vertiv 1MW,25,51,1114,336.93,26.7,,10," $356,354.79 "
322,Vertiv 1MW,25,50,1114,326.05,26.7,,10," $356,354.79 "
323,Vertiv 1MW,25,49,1114,315.7,26.7,,10," $356,354.79 "
324,Vertiv 1MW,25,48,1114,299.76,26.7,,10," $356,354.79 "
325,Vertiv 1MW,25,47,1114,290.21,26.7,,10," $356,354.79 "
326,Vertiv 1MW,25,46,1114,281.17,26.7,,10," $356,354.79 "
327,Vertiv 1MW,25,45,1114,272.6,26.7,,10," $356,354.79 "
328,Vertiv 1MW,25,44,1114,264.48,26.7,,10," $356,354.79 "
329,Vertiv 1MW,25,43,1114,257.04,26.7,,10," $356,354.79 "
330,Vertiv 1MW,25,42,1114,249.43,26.7,,10," $356,354.79 "
331,Vertiv 1MW,25,41,1114,245.18,26.7,,10," $356,354.79 "
332,Vertiv 1MW,25,40,1114,236.37,26.7,,10," $356,354.79 "
333,Vertiv 1MW,25,39,1114,228.61,26.7,,10," $356,354.79 "
334,Vertiv 1MW,25,38,1114,220.24,26.7,,10," $356,354.79 "
335,Vertiv 1MW,25,37,1114,212.76,26.7,,10," $356,354.79 "
336,Vertiv 1MW,25,36,1114,205.68,26.7,,10," $356,354.79 "
337,Vertiv 1MW,25,35,1114,198.93,26.7,,10," $356,354.79 "
338,Vertiv 1MW,25,34,1114,192.53,26.7,,10," $356,354.79 "
339,Vertiv 1MW,25,33,1114,165.98,26.7,,10," $356,354.79 "
340,Vertiv 1MW,25,32,1114,155.81,26.7,,10," $356,354.79 "
341,Vertiv 1MW,25,31,1114,148.8,26.7,,10," $356,354.79 "
342,Vertiv 1MW,25,30,1114,143.52,26.7,,10," $356,354.79 "
343,Vertiv 1MW,25,29,1114,157.88,26.7,,10," $356,354.79 "
344,Vertiv 1MW,25,28,1114,139.8,26.7,,10," $356,354.79 "
345,Vertiv 1MW,25,27,1114,124.11,26.7,,10," $356,354.79 "
346,Vertiv 1MW,25,26,1114,110.54,26.7,,10," $356,354.79 "
347,Vertiv 1MW,25,25,1114,100.06,26.7,,10," $356,354.79 "
348,Vertiv 1MW,25,24,1114,92.25,26.7,,10," $356,354.79 "
349,Vertiv 1MW,25,23,1114,86.11,26.7,,10," $356,354.79 "
350,Vertiv 1MW,25,22,1114,81.18,26.7,,10," $356,354.79 "
351,Vertiv 1MW,25,21,1114,77.16,26.7,,10," $356,354.79 "
352,Vertiv 1MW,25,20,1114,73.61,26.7,,10," $356,354.79 "
353,Vertiv 1MW,25,19,1114,70.63,26.7,,10," $356,354.79 "
354,Vertiv 1MW,25,18,1114,68.01,26.7,,10," $356,354.79 "
355,Vertiv 1MW,25,17,1114,48.64,26.7,,10," $356,354.79 "
356,Vertiv 1MW,25,16,1114,39.42,26.7,,10," $356,354.79 "
357,Vertiv 1MW,25,15,1114,33.52,26.7,,10," $356,354.79 "
358,Vertiv 1MW,25,14,1114,29.5,26.7,,10," $356,354.79 "
359,Vertiv 1MW,25,13,1114,26.65,26.7,,10," $356,354.79 "
360,Vertiv 1MW,25,12,1114,24.59,26.7,,10," $356,354.79 "
361,Vertiv 1MW,25,11,1114,23.05,26.7,,10," $356,354.79 "
362,Vertiv 1MW,25,10,1114,21.87,26.7,,10," $356,354.79 "
363,Vertiv 1MW,25,9,1114,20.97,26.7,,10," $356,354.79 "
364,Vertiv 1MW,25,8,1114,20.25,26.7,,10," $356,354.79 "
365,Vertiv 1MW,25,7,1114,19.69,26.7,,10," $356,354.79 "
366,Vertiv 1MW,25,6,1114,19.25,26.7,,10," $356,354.79 "
367,Vertiv 1MW,25,5,1114,18.86,26.7,,10," $356,354.79 "
368,Vertiv 1MW,25,4,1114,18.56,26.7,,10," $356,354.79 "
369,Vertiv 1MW,25,3,1114,18.3,26.7,,10," $356,354.79 "
370,Vertiv 1MW,25,2,1114,18.08,26.7,,10," $356,354.79 "
371,Vertiv 1MW,25,1,1114,17.9,26.7,,10," $356,354.79 "
372,Vertiv 1MW,25,0,1114,17.74,26.7,,10," $356,354.79 "
373,Vertiv 1MW,25,-1,1114,17.58,26.7,,10," $356,354.79 "
374,Vertiv 1MW,25,-2,1114,17.55,26.7,,10," $356,354.79 "
375,Vertiv 1MW,25,-3,1114,17.52,26.7,,10," $356,354.79 "
376,Vertiv 1MW,25,-4,1114,17.49,26.7,,10," $356,354.79 "
377,Vertiv 1MW,25,-5,1114,17.46,26.7,,10," $356,354.79 "
378,Vertiv 1MW,25,-6,1114,17.43,26.7,,10," $356,354.79 "
379,Vertiv 1MW,25,-7,1114,17.4,26.7,,10," $356,354.79 "
380,Vertiv 1MW,25,-8,1114,17.38,26.7,,10," $356,354.79 "
381,Vertiv 1MW,25,-9,1114,17.35,26.7,,10," $356,354.79 "
382,Vertiv 1MW,25,-10,1114,17.33,26.7,,10," $356,354.79 "
383,Vertiv 1MW,25,-11,1114,17.31,26.7,,10," $356,354.79 "
384,Vertiv 1MW,25,-12,1114,17.29,26.7,,10," $356,354.79 "
385,Vertiv 1MW,25,-13,1114,17.27,26.7,,10," $356,354.79 "
386,Vertiv 1MW,25,-14,1114,17.25,26.7,,10," $356,354.79 "
387,Vertiv 1MW,25,-15,1114,17.23,26.7,,10," $356,354.79 "
388,Vertiv 1MW,25,-16,1114,17.21,26.7,,10," $356,354.79 "
389,Vertiv 1MW,25,-17,1114,17.19,26.7,,10," $356,354.79 "
390,Vertiv 1MW,25,-18,1114,17.18,26.7,,10," $356,354.79 "
391,Vertiv 1MW,25,-19,1114,17.16,26.7,,10," $356,354.79 "
392,Vertiv 1MW,25,-20,1114,17.14,26.7,,10," $356,354.79 "
393,Vertiv 1MW,25,-21,1114,17.13,26.7,,10," $356,354.79 "
394,Vertiv 1MW,25,-22,1114,17.13,26.7,,10," $356,354.79 "
395,Vertiv 1MW,25,-23,1114,17.11,26.7,,10," $356,354.79 "
396,Vertiv 1MW,25,-24,1114,17.1,26.7,,10," $356,354.79 "
397,Vertiv 1MW,25,-25,1114,17.08,26.7,,10," $356,354.79 "
398,Vertiv 1MW,25,-26,1114,17.07,26.7,,10," $356,354.79 "
399,Vertiv 1MW,25,-27,1114,17.06,26.7,,10," $356,354.79 "
400,Vertiv 1MW,25,-28,1114,17.05,26.7,,10," $356,354.79 "
401,Vertiv 1MW,25,-29,1114,17.04,26.7,,10," $356,354.79 "
402,Vertiv 1MW,25,-30,1114,17.02,26.7,,10," $356,354.79 "
403,Vertiv 1MW,25,-31,1114,17.01,26.7,,10," $356,354.79 "
404,Vertiv 1MW,25,-32,1114,17,26.7,,10," $356,354.79 "
405,Vertiv 1MW,25,-33,1114,16.99,26.7,,10," $356,354.79 "
406,Vertiv 1MW,25,-34,1114,16.98,26.7,,10," $356,354.79 "
407,Vertiv 1MW,25,-35,1114,16.97,26.7,,10," $356,354.79 "
408,Vertiv 1MW,25,-36,1114,16.96,26.7,,10," $356,354.79 "
409,Vertiv 1MW,25,-37,1114,16.96,26.7,,10," $356,354.79 "
410,Vertiv 1MW,25,-38,1114,16.95,26.7,,10," $356,354.79 "
411,Vertiv 1MW,25,-39,1114,16.94,26.7,,10," $356,354.79 "
412,Vertiv 1MW,25,-40,1114,16.93,26.7,,10," $356,354.79 "
413,Vertiv 1MW,35,53,1116,339.1381874,26.7,,10," $334,224.52 "
414,Vertiv 1MW,35,52,1116,324.9,26.7,,10," $334,224.52 "
415,Vertiv 1MW,35,51,1116,311.9,26.7,,10," $334,224.52 "
416,Vertiv 1MW,35,50,1116,299.95,26.7,,10," $334,224.52 "
417,Vertiv 1MW,35,49,1116,288.92,26.7,,10," $334,224.52 "
418,Vertiv 1MW,35,48,1116,274.92,26.7,,10," $334,224.52 "
419,Vertiv 1MW,35,47,1116,267.84,26.7,,10," $334,224.52 "
420,Vertiv 1MW,35,46,1116,261.08,26.7,,10," $334,224.52 "
421,Vertiv 1MW,35,45,1116,254.6,26.7,,10," $334,224.52 "
422,Vertiv 1MW,35,44,1116,248.42,26.7,,10," $334,224.52 "
423,Vertiv 1MW,35,43,1116,232.53,26.7,,10," $334,224.52 "
424,Vertiv 1MW,35,42,1116,221.34,26.7,,10," $334,224.52 "
425,Vertiv 1MW,35,41,1116,210.38,26.7,,10," $334,224.52 "
426,Vertiv 1MW,35,40,1116,199.67,26.7,,10," $334,224.52 "
427,Vertiv 1MW,35,39,1116,189.16,26.7,,10," $334,224.52 "
428,Vertiv 1MW,35,38,1116,178.88,26.7,,10," $334,224.52 "
429,Vertiv 1MW,35,37,1116,168.8,26.7,,10," $334,224.52 "
430,Vertiv 1MW,35,36,1116,168.33,26.7,,10," $334,224.52 "
431,Vertiv 1MW,35,35,1116,149.59,26.7,,10," $334,224.52 "
432,Vertiv 1MW,35,34,1116,134.12,26.7,,10," $334,224.52 "
433,Vertiv 1MW,35,33,1116,121.08,26.7,,10," $334,224.52 "
434,Vertiv 1MW,35,32,1116,109.9,26.7,,10," $334,224.52 "
435,Vertiv 1MW,35,31,1116,100.22,26.7,,10," $334,224.52 "
436,Vertiv 1MW,35,30,1116,92.83,26.7,,10," $334,224.52 "
437,Vertiv 1MW,35,29,1116,87.25,26.7,,10," $334,224.52 "
438,Vertiv 1MW,35,28,1116,82.85,26.7,,10," $334,224.52 "
439,Vertiv 1MW,35,27,1116,79.27,26.7,,10," $334,224.52 "
440,Vertiv 1MW,35,26,1116,76.29,26.7,,10," $334,224.52 "
441,Vertiv 1MW,35,25,1116,73.76,26.7,,10," $334,224.52 "
442,Vertiv 1MW,35,24,1116,71.61,26.7,,10," $334,224.52 "
443,Vertiv 1MW,35,23,1116,68.17,26.7,,10," $334,224.52 "
444,Vertiv 1MW,35,22,1116,38.35,26.7,,10," $334,224.52 "
445,Vertiv 1MW,35,21,1116,32.87,26.7,,10," $334,224.52 "
446,Vertiv 1MW,35,20,1116,28.92,26.7,,10," $334,224.52 "
447,Vertiv 1MW,35,19,1116,25.97,26.7,,10," $334,224.52 "
448,Vertiv 1MW,35,18,1116,23.71,26.7,,10," $334,224.52 "
449,Vertiv 1MW,35,17,1116,21.95,26.7,,10," $334,224.52 "
450,Vertiv 1MW,35,16,1116,20.54,26.7,,10," $334,224.52 "
451,Vertiv 1MW,35,15,1116,19.43,26.7,,10," $334,224.52 "
452,Vertiv 1MW,35,14,1116,18.5,26.7,,10," $334,224.52 "
453,Vertiv 1MW,35,13,1116,17.76,26.7,,10," $334,224.52 "
454,Vertiv 1MW,35,12,1116,17.15,26.7,,10," $334,224.52 "
455,Vertiv 1MW,35,11,1116,16.63,26.7,,10," $334,224.52 "
456,Vertiv 1MW,35,10,1116,16.2,26.7,,10," $334,224.52 "
457,Vertiv 1MW,35,9,1116,15.83,26.7,,10," $334,224.52 "
458,Vertiv 1MW,35,8,1116,15.52,26.7,,10," $334,224.52 "
459,Vertiv 1MW,35,7,1116,15.25,26.7,,10," $334,224.52 "
460,Vertiv 1MW,35,6,1116,15.02,26.7,,10," $334,224.52 "
461,Vertiv 1MW,35,5,1116,14.82,26.7,,10," $334,224.52 "
462,Vertiv 1MW,35,4,1116,14.65,26.7,,10," $334,224.52 "
463,Vertiv 1MW,35,3,1116,14.5,26.7,,10," $334,224.52 "
464,Vertiv 1MW,35,2,1116,14.35,26.7,,10," $334,224.52 "
465,Vertiv 1MW,35,1,1116,14.23,26.7,,10," $334,224.52 "
466,Vertiv 1MW,35,0,1116,14.14,26.7,,10," $334,224.52 "
467,Vertiv 1MW,35,-1,1116,14.03,26.7,,10," $334,224.52 "
468,Vertiv 1MW,35,-2,1116,13.94,26.7,,10," $334,224.52 "
469,Vertiv 1MW,35,-3,1116,13.86,26.7,,10," $334,224.52 "
470,Vertiv 1MW,35,-4,1116,13.81,26.7,,10," $334,224.52 "
471,Vertiv 1MW,35,-5,1116,13.8,26.7,,10," $334,224.52 "
472,Vertiv 1MW,35,-6,1116,13.78,26.7,,10," $334,224.52 "
473,Vertiv 1MW,35,-7,1116,13.76,26.7,,10," $334,224.52 "
474,Vertiv 1MW,35,-8,1116,13.74,26.7,,10," $334,224.52 "
475,Vertiv 1MW,35,-9,1116,13.73,26.7,,10," $334,224.52 "
476,Vertiv 1MW,35,-10,1116,13.71,26.7,,10," $334,224.52 "
477,Vertiv 1MW,35,-11,1116,13.7,26.7,,10," $334,224.52 "
478,Vertiv 1MW,35,-12,1116,13.68,26.7,,10," $334,224.52 "
479,Vertiv 1MW,35,-13,1116,13.67,26.7,,10," $334,224.52 "
480,Vertiv 1MW,35,-14,1116,13.65,26.7,,10," $334,224.52 "
481,Vertiv 1MW,35,-15,1116,13.64,26.7,,10," $334,224.52 "
482,Vertiv 1MW,35,-16,1116,13.63,26.7,,10," $334,224.52 "
483,Vertiv 1MW,35,-17,1116,13.61,26.7,,10," $334,224.52 "
484,Vertiv 1MW,35,-18,1116,13.6,26.7,,10," $334,224.52 "
485,Vertiv 1MW,35,-19,1116,13.59,26.7,,10," $334,224.52 "
486,Vertiv 1MW,35,-20,1116,13.58,26.7,,10," $334,224.52 "
487,Vertiv 1MW,35,-21,1116,13.57,26.7,,10," $334,224.52 "
488,Vertiv 1MW,35,-22,1116,13.57,26.7,,10," $334,224.52 "
489,Vertiv 1MW,35,-23,1116,13.56,26.7,,10," $334,224.52 "
490,Vertiv 1MW,35,-24,1116,13.55,26.7,,10," $334,224.52 "
491,Vertiv 1MW,35,-25,1116,13.54,26.7,,10," $334,224.52 "
492,Vertiv 1MW,35,-26,1116,13.53,26.7,,10," $334,224.52 "
493,Vertiv 1MW,35,-27,1116,13.52,26.7,,10," $334,224.52 "
494,Vertiv 1MW,35,-28,1116,13.51,26.7,,10," $334,224.52 "
495,Vertiv 1MW,35,-29,1116,13.5,26.7,,10," $334,224.52 "
496,Vertiv 1MW,35,-30,1116,13.49,26.7,,10," $334,224.52 "
497,Vertiv 1MW,35,-31,1116,13.48,26.7,,10," $334,224.52 "
498,Vertiv 1MW,35,-32,1116,13.48,26.7,,10," $334,224.52 "
499,Vertiv 1MW,35,-33,1116,13.47,26.7,,10," $334,224.52 "
500,Vertiv 1MW,35,-34,1116,13.46,26.7,,10," $334,224.52 "
501,Vertiv 1MW,35,-35,1116,13.45,26.7,,10," $334,224.52 "
502,Vertiv 1MW,35,-36,1116,13.44,26.7,,10," $334,224.52 "
503,Vertiv 1MW,35,-37,1116,13.44,26.7,,10," $334,224.52 "
504,Vertiv 1MW,35,-38,1116,13.43,26.7,,10," $334,224.52 "
505,Vertiv 1MW,35,-39,1116,13.42,26.7,,10," $334,224.52 "
506,Vertiv 1MW,35,-40,1116,13.42,26.7,,10," $334,224.52 "
507,Schneider XRAC4812,5,25,900,225.3,45.4,43,5," $614,000.00 "
508,Schneider XRAC4812,5,27,900,245.8,45.4,43,5," $614,000.00 "
509,Schneider XRAC4812,5,29,900,253.6,45.4,43,5," $614,000.00 "
510,Schneider XRAC4812,5,31,900,270.2,45.4,43,5," $614,000.00 "
511,Schneider XRAC4812,5,33,900,288.6,45.4,43,5," $614,000.00 "
512,Schneider XRAC4812,5,35,900,309.1,45.4,43,5," $614,000.00 "
513,Schneider XRAC4812,5,37,900,331.8,45.4,43,5," $614,000.00 "
514,Schneider XRAC4812,5,39,900,356.9,45.4,43,5," $614,000.00 "
515,Schneider XRAC4812,5,41,900,384.8,45.4,43,5," $614,000.00 "
516,Schneider XRAC4812,5,43,900,415.5,45.4,43,5," $614,000.00 "
517,Schneider XRAC4812,5,45,893,445.1,45.1,42.4,5," $614,000.00 "
518,Schneider XRAC4812,5,46,878,451,44.3,41.1,5," $614,000.00 "
519,Schneider XRAC4812,7,25,900,210.3,45.4,42.4,5," $614,000.00 "
520,Schneider XRAC4812,7,27,900,216.4,45.4,42.4,5," $614,000.00 "
521,Schneider XRAC4812,7,29,900,236.7,45.4,42.4,5," $614,000.00 "
522,Schneider XRAC4812,7,31,900,252,45.4,42.4,5," $614,000.00 "
523,Schneider XRAC4812,7,33,900,269,45.4,42.4,5," $614,000.00 "
524,Schneider XRAC4812,7,35,900,287.6,45.4,42.4,5," $614,000.00 "
525,Schneider XRAC4812,7,37,900,308.4,45.4,42.4,5," $614,000.00 "
526,Schneider XRAC4812,7,39,900,331.3,45.4,42.4,5," $614,000.00 "
527,Schneider XRAC4812,7,41,900,356.8,45.4,42.4,5," $614,000.00 "
528,Schneider XRAC4812,7,43,900,385,45.4,42.4,5," $614,000.00 "
529,Schneider XRAC4812,7,45,900,416.2,45.4,42.4,5," $614,000.00 "
530,Schneider XRAC4812,7,46,900,432.4,45.4,42.4,5," $614,000.00 "
531,Schneider XRAC4812,9,25,900,197,45.4,41.9,5," $614,000.00 "
532,Schneider XRAC4812,9,27,900,,45.4,41.9,5," $614,000.00 "
533,Schneider XRAC4812,9,29,900,221.8,45.4,41.9,5," $614,000.00 "
534,Schneider XRAC4812,9,31,900,236.1,45.4,41.9,5," $614,000.00 "
535,Schneider XRAC4812,9,33,900,251.2,45.4,41.9,5," $614,000.00 "
536,Schneider XRAC4812,9,35,900,268.1,45.4,41.9,5," $614,000.00 "
537,Schneider XRAC4812,9,37,900,286.7,45.4,41.9,5," $614,000.00 "
538,Schneider XRAC4812,9,39,900,308,45.4,41.9,5," $614,000.00 "
539,Schneider XRAC4812,9,41,900,331.1,45.4,41.9,5," $614,000.00 "
540,Schneider XRAC4812,9,43,900,356.9,45.4,41.9,5," $614,000.00 "
541,Schneider XRAC4812,9,45,900,385.4,45.4,41.9,5," $614,000.00 "
542,Schneider XRAC4812,9,46,900,400.7,45.4,41.9,5," $614,000.00 "
543,Schneider XRAC4812,11,25,900,185.1,45.4,41.3,5," $614,000.00 "
544,Schneider XRAC4812,11,27,900,202.1,45.4,41.3,5," $614,000.00 "
545,Schneider XRAC4812,11,29,900,208.5,45.4,41.3,5," $614,000.00 "
546,Schneider XRAC4812,11,31,900,222.1,45.4,41.3,5," $614,000.00 "
547,Schneider XRAC4812,11,33,900,236,45.4,41.3,5," $614,000.00 "
548,Schneider XRAC4812,11,35,900,251.2,45.4,41.3,5," $614,000.00 "
549,Schneider XRAC4812,11,37,900,268.1,45.4,41.3,5," $614,000.00 "
550,Schneider XRAC4812,11,39,900,286.8,45.4,41.3,5," $614,000.00 "
551,Schneider XRAC4812,11,41,900,307.5,45.4,41.3,5," $614,000.00 "
552,Schneider XRAC4812,11,43,900,331.3,45.4,41.3,5," $614,000.00 "
553,Schneider XRAC4812,11,45,900,357.1,45.4,41.3,5," $614,000.00 "
554,Schneider XRAC4812,11,46,900,371.1,45.4,41.3,5," $614,000.00 "
555,Schneider XRAC4812,15,25,900,163.7,45.4,40.3,5," $614,000.00 "
556,Schneider XRAC4812,15,27,900,179.2,45.4,40.3,5," $614,000.00 "
557,Schneider XRAC4812,15,29,900,185,45.4,40.3,5," $614,000.00 "
558,Schneider XRAC4812,15,31,900,197.5,45.4,40.3,5," $614,000.00 "
559,Schneider XRAC4812,15,33,900,209.6,45.4,40.3,5," $614,000.00 "
560,Schneider XRAC4812,15,35,900,222.4,45.4,40.3,5," $614,000.00 "
561,Schneider XRAC4812,15,37,900,237,45.4,40.3,5," $614,000.00 "
562,Schneider XRAC4812,15,39,900,252.6,45.4,40.3,5," $614,000.00 "
563,Schneider XRAC4812,15,41,900,269.4,45.4,40.3,5," $614,000.00 "
564,Schneider XRAC4812,15,43,900,288.3,45.4,40.3,5," $614,000.00 "
565,Schneider XRAC4812,15,45,900,309.1,45.4,40.3,5," $614,000.00 "
566,Schneider XRAC4812,15,46,900,320.3,45.4,40.3,5," $614,000.00 "
567,Schneider XRAC4812,17,25,900,154.3,45.4,39.8,5," $614,000.00 "
568,Schneider XRAC4812,17,27,900,169.1,45.4,39.8,5," $614,000.00 "
569,Schneider XRAC4812,17,29,900,174.6,45.4,39.8,5," $614,000.00 "
570,Schneider XRAC4812,17,31,900,186.7,45.4,39.8,5," $614,000.00 "
571,Schneider XRAC4812,17,33,900,198,45.4,39.8,5," $614,000.00 "
572,Schneider XRAC4812,17,35,900,210.1,45.4,39.8,5," $614,000.00 "
573,Schneider XRAC4812,17,37,900,223.4,45.4,39.8,5," $614,000.00 "
574,Schneider XRAC4812,17,39,900,237.9,45.4,39.8,5," $614,000.00 "
575,Schneider XRAC4812,17,41,900,253.7,45.4,39.8,5," $614,000.00 "
576,Schneider XRAC4812,17,43,900,271.1,45.4,39.8,5," $614,000.00 "
577,Schneider XRAC4812,17,45,900,290.1,45.4,39.8,5," $614,000.00 "
578,Schneider XRAC4812,17,46,900,299.8,45.4,39.8,5," $614,000.00 "
579,Schneider XRAC4812,19,25,900,145.5,45.4,39.3,5," $614,000.00 "
580,Schneider XRAC4812,19,27,900,159.8,45.4,39.3,5," $614,000.00 "
581,Schneider XRAC4812,19,29,900,165.1,45.4,39.3,5," $614,000.00 "
582,Schneider XRAC4812,19,31,900,176.6,45.4,39.3,5," $614,000.00 "
583,Schneider XRAC4812,19,33,900,187.4,45.4,39.3,5," $614,000.00 "
584,Schneider XRAC4812,19,35,900,198.4,45.4,39.3,5," $614,000.00 "
585,Schneider XRAC4812,19,37,900,210.6,45.4,39.3,5," $614,000.00 "
586,Schneider XRAC4812,19,39,900,224.3,45.4,39.3,5," $614,000.00 "
587,Schneider XRAC4812,19,41,900,239,45.4,39.3,5," $614,000.00 "
588,Schneider XRAC4812,19,43,900,255,45.4,39.3,5," $614,000.00 "
589,Schneider XRAC4812,19,45,900,272.5,45.4,39.3,5," $614,000.00 "
590,Schneider XRAC4812,19,46,900,281.9,45.4,39.3,5," $614,000.00 "
591,Schneider XRAC4812,21,25,900,137.4,45.4,38.9,5," $614,000.00 "
592,Schneider XRAC4812,21,27,900,151.1,45.4,38.9,5," $614,000.00 "
593,Schneider XRAC4812,21,29,900,156.2,45.4,38.9,5," $614,000.00 "
594,Schneider XRAC4812,21,31,900,167.3,45.4,38.9,5," $614,000.00 "
595,Schneider XRAC4812,21,33,900,177.6,45.4,38.9,5," $614,000.00 "
596,Schneider XRAC4812,21,35,900,187.9,45.4,38.9,5," $614,000.00 "
597,Schneider XRAC4812,21,37,900,199.3,45.4,38.9,5," $614,000.00 "
598,Schneider XRAC4812,21,39,900,211.7,45.4,38.9,5," $614,000.00 "
599,Schneider XRAC4812,21,41,900,225.2,45.4,38.9,5," $614,000.00 "
600,Schneider XRAC4812,21,43,900,240.3,45.4,38.9,5," $614,000.00 "
601,Schneider XRAC4812,21,45,900,256.5,45.4,38.9,5," $614,000.00 "
602,Schneider XRAC4812,21,46,900,265.2,45.4,38.9,5," $614,000.00 "
603,Schneider XRAC4812,23,25,900,135.7,45.4,38.5,5," $614,000.00 "
604,Schneider XRAC4812,23,27,900,143,45.4,38.5,5," $614,000.00 "
605,Schneider XRAC4812,23,29,900,148.1,45.4,38.5,5," $614,000.00 "
606,Schneider XRAC4812,23,31,900,158.7,45.4,38.5,5," $614,000.00 "
607,Schneider XRAC4812,23,33,900,168.5,45.4,38.5,5," $614,000.00 "
608,Schneider XRAC4812,23,35,900,178.2,45.4,38.5,5," $614,000.00 "
609,Schneider XRAC4812,23,37,900,188.9,45.4,38.5,5," $614,000.00 "
610,Schneider XRAC4812,23,39,900,200.4,45.4,38.5,5," $614,000.00 "
611,Schneider XRAC4812,23,41,900,213,45.4,38.5,5," $614,000.00 "
612,Schneider XRAC4812,23,43,900,226.7,45.4,38.5,5," $614,000.00 "
613,Schneider XRAC4812,23,45,900,241.6,45.4,38.5,5," $614,000.00 "
614,Schneider XRAC4812,23,46,900,249.6,45.4,38.5,5," $614,000.00 "
615,Schneider XRAC4812,25,25,900,116.6,45.4,38.1,5," $614,000.00 "
616,Schneider XRAC4812,25,27,900,135.7,45.4,38.1,5," $614,000.00 "
617,Schneider XRAC4812,25,29,900,140.5,45.4,38.1,5," $614,000.00 "
618,Schneider XRAC4812,25,31,900,150.7,45.4,38.1,5," $614,000.00 "
619,Schneider XRAC4812,25,33,900,160,45.4,38.1,5," $614,000.00 "
620,Schneider XRAC4812,25,35,900,169.3,45.4,38.1,5," $614,000.00 "
621,Schneider XRAC4812,25,37,900,179.2,45.4,38.1,5," $614,000.00 "
622,Schneider XRAC4812,25,39,900,190,45.4,38.1,5," $614,000.00 "
623,Schneider XRAC4812,25,41,900,201.7,45.4,38.1,5," $614,000.00 "
624,Schneider XRAC4812,25,43,900,214.4,45.4,38.1,5," $614,000.00 "
625,Schneider XRAC4812,25,45,900,228.3,45.4,38.1,5," $614,000.00 "
626,Schneider XRAC4812,25,46,900,235.7,45.4,38.1,5," $614,000.00 "
